nickname,gender,audio_url,avatar_url,asset_id
少儿故事,女,https://sscm-media.oss-cn-guangzhou.aliyuncs.com/audio-reference/audio/asset-20260224190656-dw78f.mp3,https://sscm-media.oss-cn-guangzhou.aliyuncs.com/audio-reference/avatar/asset-20260224190656-dw78f.png,asset-20260224190656-dw78f
流畅女声,女,https://sscm-media.oss-cn-guangzhou.aliyuncs.com/audio-reference/audio/asset-20260224190656-7nvns.wav,https://sscm-media.oss-cn-guangzhou.aliyuncs.com/audio-reference/avatar/asset-20260224190656-7nvns.png,asset-20260224190656-7nvns
魅力女友,女,https://sscm-media.oss-cn-guangzhou.aliyuncs.com/audio-reference/audio/asset-20260224190656-qr992.wav,https://sscm-media.oss-cn-guangzhou.aliyuncs.com/audio-reference/avatar/asset-20260224190656-qr992.png,asset-20260224190656-qr992
黑猫侦探社咪仔,女,https://sscm-media.oss-cn-guangzhou.aliyuncs.com/audio-reference/audio/asset-20260224190656-f5wvc.wav,https://sscm-media.oss-cn-guangzhou.aliyuncs.com/audio-reference/avatar/asset-20260224190656-f5wvc.png,asset-20260224190656-f5wvc
鸡汤女,女,https://sscm-media.oss-cn-guangzhou.aliyuncs.com/audio-reference/audio/asset-20260224190656-8t7zs.wav,https://sscm-media.oss-cn-guangzhou.aliyuncs.com/audio-reference/avatar/asset-20260224190656-8t7zs.png,asset-20260224190656-8t7zs
大壹,男,https://sscm-media.oss-cn-guangzhou.aliyuncs.com/audio-reference/audio/asset-20260224190656-tnphs.wav,https://sscm-media.oss-cn-guangzhou.aliyuncs.com/audio-reference/avatar/asset-20260224190656-tnphs.png,asset-20260224190656-tnphs
儒雅逸辰,男,https://sscm-media.oss-cn-guangzhou.aliyuncs.com/audio-reference/audio/asset-20260224190656-7n7cg.wav,https://sscm-media.oss-cn-guangzhou.aliyuncs.com/audio-reference/avatar/asset-20260224190656-7n7cg.png,asset-20260224190656-7n7cg
儒雅公子,男,https://sscm-media.oss-cn-guangzhou.aliyuncs.com/audio-reference/audio/asset-20260224190656-k9d7r.mp3,https://sscm-media.oss-cn-guangzhou.aliyuncs.com/audio-reference/avatar/asset-20260224190656-k9d7r.png,asset-20260224190656-k9d7r
萌丫头,女,https://sscm-media.oss-cn-guangzhou.aliyuncs.com/audio-reference/audio/asset-20260224190656-mdwbp.mp3,https://sscm-media.oss-cn-guangzhou.aliyuncs.com/audio-reference/avatar/asset-20260224190656-mdwbp.png,asset-20260224190656-mdwbp
贴心女声,女,https://sscm-media.oss-cn-guangzhou.aliyuncs.com/audio-reference/audio/asset-20260224190656-ddltv.mp3,https://sscm-media.oss-cn-guangzhou.aliyuncs.com/audio-reference/avatar/asset-20260224190656-ddltv.png,asset-20260224190656-ddltv
鸡汤妹妹,女,https://sscm-media.oss-cn-guangzhou.aliyuncs.com/audio-reference/audio/asset-20260224190656-mcs77.mp3,https://sscm-media.oss-cn-guangzhou.aliyuncs.com/audio-reference/avatar/asset-20260224190656-mcs77.png,asset-20260224190656-mcs77
亮嗓萌仔,男,https://sscm-media.oss-cn-guangzhou.aliyuncs.com/audio-reference/audio/asset-20260224190656-6g84r.mp3,https://sscm-media.oss-cn-guangzhou.aliyuncs.com/audio-reference/avatar/asset-20260224190656-6g84r.png,asset-20260224190656-6g84r
懒音绵宝,男,https://sscm-media.oss-cn-guangzhou.aliyuncs.com/audio-reference/audio/asset-20260224190656-srtjr.mp3,https://sscm-media.oss-cn-guangzhou.aliyuncs.com/audio-reference/avatar/asset-20260224190656-srtjr.png,asset-20260224190656-srtjr
俏皮女声,女,https://sscm-media.oss-cn-guangzhou.aliyuncs.com/audio-reference/audio/asset-20260224190656-jtswz.mp3,https://sscm-media.oss-cn-guangzhou.aliyuncs.com/audio-reference/avatar/asset-20260224190656-jtswz.png,asset-20260224190656-jtswz
四郎,男,https://sscm-media.oss-cn-guangzhou.aliyuncs.com/audio-reference/audio/asset-20260224190656-hczx4.mp3,https://sscm-media.oss-cn-guangzhou.aliyuncs.com/audio-reference/avatar/asset-20260224190656-hczx4.png,asset-20260224190656-hczx4
广告解说,男,https://sscm-media.oss-cn-guangzhou.aliyuncs.com/audio-reference/audio/asset-20260224190656-tqq2h.mp3,https://sscm-media.oss-cn-guangzhou.aliyuncs.com/audio-reference/avatar/asset-20260224190656-tqq2h.png,asset-20260224190656-tqq2h
樱桃丸子,女,https://sscm-media.oss-cn-guangzhou.aliyuncs.com/audio-reference/audio/asset-20260224190656-gz5kb.mp3,https://sscm-media.oss-cn-guangzhou.aliyuncs.com/audio-reference/avatar/asset-20260224190656-gz5kb.png,asset-20260224190656-gz5kb
武则天,女,https://sscm-media.oss-cn-guangzhou.aliyuncs.com/audio-reference/audio/asset-20260224190656-rb4s7.mp3,https://sscm-media.oss-cn-guangzhou.aliyuncs.com/audio-reference/avatar/asset-20260224190656-rb4s7.png,asset-20260224190656-rb4s7
佩奇猪,女,https://sscm-media.oss-cn-guangzhou.aliyuncs.com/audio-reference/audio/asset-20260224190656-7r964.mp3,https://sscm-media.oss-cn-guangzhou.aliyuncs.com/audio-reference/avatar/asset-20260224190656-7r964.png,asset-20260224190656-7r964
熊二,男,https://sscm-media.oss-cn-guangzhou.aliyuncs.com/audio-reference/audio/asset-20260224190656-mrbs2.mp3,https://sscm-media.oss-cn-guangzhou.aliyuncs.com/audio-reference/avatar/asset-20260224190656-mrbs2.png,asset-20260224190656-mrbs2
猴哥,男,https://sscm-media.oss-cn-guangzhou.aliyuncs.com/audio-reference/audio/asset-20260224190656-sq5tk.mp3,https://sscm-media.oss-cn-guangzhou.aliyuncs.com/audio-reference/avatar/asset-20260224190656-sq5tk.png,asset-20260224190656-sq5tk
天才童声,男,https://sscm-media.oss-cn-guangzhou.aliyuncs.com/audio-reference/audio/asset-20260224190656-6gkjj.mp3,https://sscm-media.oss-cn-guangzhou.aliyuncs.com/audio-reference/avatar/asset-20260224190656-6gkjj.png,asset-20260224190656-6gkjj
温柔小雅,女,https://sscm-media.oss-cn-guangzhou.aliyuncs.com/audio-reference/audio/asset-20260224190656-zrb6k.mp3,https://sscm-media.oss-cn-guangzhou.aliyuncs.com/audio-reference/avatar/asset-20260224190656-zrb6k.png,asset-20260224190656-zrb6k
咆哮小哥,男,https://sscm-media.oss-cn-guangzhou.aliyuncs.com/audio-reference/audio/asset-20260224190656-q8n9n.mp3,https://sscm-media.oss-cn-guangzhou.aliyuncs.com/audio-reference/avatar/asset-20260224190656-q8n9n.png,asset-20260224190656-q8n9n
醇厚低音,男,https://sscm-media.oss-cn-guangzhou.aliyuncs.com/audio-reference/audio/asset-20260224190656-ld557.mp3,https://sscm-media.oss-cn-guangzhou.aliyuncs.com/audio-reference/avatar/asset-20260224190656-ld557.png,asset-20260224190656-ld557
倾心少女,女,https://sscm-media.oss-cn-guangzhou.aliyuncs.com/audio-reference/audio/asset-20260224190656-459nf.mp3,https://sscm-media.oss-cn-guangzhou.aliyuncs.com/audio-reference/avatar/asset-20260224190656-459nf.png,asset-20260224190656-459nf
文静毛毛,女,https://sscm-media.oss-cn-guangzhou.aliyuncs.com/audio-reference/audio/asset-20260224190656-pc9ns.mp3,https://sscm-media.oss-cn-guangzhou.aliyuncs.com/audio-reference/avatar/asset-20260224190656-pc9ns.png,asset-20260224190656-pc9ns
悠悠君子,男,https://sscm-media.oss-cn-guangzhou.aliyuncs.com/audio-reference/audio/asset-20260224190656-wbz44.mp3,https://sscm-media.oss-cn-guangzhou.aliyuncs.com/audio-reference/avatar/asset-20260224190656-wbz44.png,asset-20260224190656-wbz44
Noah,男,https://sscm-media.oss-cn-guangzhou.aliyuncs.com/audio-reference/audio/asset-20260224190656-dqph5.mp3,https://sscm-media.oss-cn-guangzhou.aliyuncs.com/audio-reference/avatar/asset-20260224190656-dqph5.png,asset-20260224190656-dqph5
Xavier,男,https://sscm-media.oss-cn-guangzhou.aliyuncs.com/audio-reference/audio/asset-20260224190656-k7px4.mp3,https://sscm-media.oss-cn-guangzhou.aliyuncs.com/audio-reference/avatar/asset-20260224190656-k7px4.png,asset-20260224190656-k7px4
KevinMcCallister,男,https://sscm-media.oss-cn-guangzhou.aliyuncs.com/audio-reference/audio/asset-20260224190656-kl5gf.mp3,https://sscm-media.oss-cn-guangzhou.aliyuncs.com/audio-reference/avatar/asset-20260224190656-kl5gf.png,asset-20260224190656-kl5gf
ClownMan,男,https://sscm-media.oss-cn-guangzhou.aliyuncs.com/audio-reference/audio/asset-20260224190656-ccgx8.mp3,https://sscm-media.oss-cn-guangzhou.aliyuncs.com/audio-reference/avatar/asset-20260224190656-ccgx8.png,asset-20260224190656-ccgx8
Chucky,男,https://sscm-media.oss-cn-guangzhou.aliyuncs.com/audio-reference/audio/asset-20260224190656-5rq88.mp3,https://sscm-media.oss-cn-guangzhou.aliyuncs.com/audio-reference/avatar/asset-20260224190656-5rq88.png,asset-20260224190656-5rq88
Jigsaw,男,https://sscm-media.oss-cn-guangzhou.aliyuncs.com/audio-reference/audio/asset-20260224190656-qltvl.mp3,https://sscm-media.oss-cn-guangzhou.aliyuncs.com/audio-reference/avatar/asset-20260224190656-qltvl.png,asset-20260224190656-qltvl
Zayne,男,https://sscm-media.oss-cn-guangzhou.aliyuncs.com/audio-reference/audio/asset-20260224190657-j7z55.mp3,https://sscm-media.oss-cn-guangzhou.aliyuncs.com/audio-reference/avatar/asset-20260224190657-j7z55.png,asset-20260224190657-j7z55
Charlie,女,https://sscm-media.oss-cn-guangzhou.aliyuncs.com/audio-reference/audio/asset-20260224190657-qx2rl.mp3,https://sscm-media.oss-cn-guangzhou.aliyuncs.com/audio-reference/avatar/asset-20260224190657-qx2rl.png,asset-20260224190657-qx2rl
贴心妹妹,女,https://sscm-media.oss-cn-guangzhou.aliyuncs.com/audio-reference/audio/asset-20260224190657-6z7hn.mp3,https://sscm-media.oss-cn-guangzhou.aliyuncs.com/audio-reference/avatar/asset-20260224190657-6z7hn.png,asset-20260224190657-6z7hn
小何2.0,女,https://sscm-media.oss-cn-guangzhou.aliyuncs.com/audio-reference/audio/asset-20260224190657-558cg.mp3,https://sscm-media.oss-cn-guangzhou.aliyuncs.com/audio-reference/avatar/asset-20260224190657-558cg.png,asset-20260224190657-558cg
小天2.0,男,https://sscm-media.oss-cn-guangzhou.aliyuncs.com/audio-reference/audio/asset-20260224190657-nd59k.mp3,https://sscm-media.oss-cn-guangzhou.aliyuncs.com/audio-reference/avatar/asset-20260224190657-nd59k.png,asset-20260224190657-nd59k
云舟2.0,男,https://sscm-media.oss-cn-guangzhou.aliyuncs.com/audio-reference/audio/asset-20260224190657-kdxqk.mp3,https://sscm-media.oss-cn-guangzhou.aliyuncs.com/audio-reference/avatar/asset-20260224190657-kdxqk.png,asset-20260224190657-kdxqk
爽快思思,女,https://sscm-media.oss-cn-guangzhou.aliyuncs.com/audio-reference/audio/asset-20260224190657-jk6vd.mp3,https://sscm-media.oss-cn-guangzhou.aliyuncs.com/audio-reference/avatar/asset-20260224190657-jk6vd.png,asset-20260224190657-jk6vd
儿童绘本,女,https://sscm-media.oss-cn-guangzhou.aliyuncs.com/audio-reference/audio/asset-20260224190657-9lsgk.mp3,https://sscm-media.oss-cn-guangzhou.aliyuncs.com/audio-reference/avatar/asset-20260224190657-9lsgk.png,asset-20260224190657-9lsgk
温柔女神,女,https://sscm-media.oss-cn-guangzhou.aliyuncs.com/audio-reference/audio/asset-20260224190657-6kzhw.mp3,https://sscm-media.oss-cn-guangzhou.aliyuncs.com/audio-reference/avatar/asset-20260224190657-6kzhw.png,asset-20260224190657-6kzhw
暖阳女声,女,https://sscm-media.oss-cn-guangzhou.aliyuncs.com/audio-reference/audio/asset-20260224190657-fjfcj.mp3,https://sscm-media.oss-cn-guangzhou.aliyuncs.com/audio-reference/avatar/asset-20260224190657-fjfcj.png,asset-20260224190657-fjfcj
儒雅男友,男,https://sscm-media.oss-cn-guangzhou.aliyuncs.com/audio-reference/audio/asset-20260224190657-pljvq.mp3,https://sscm-media.oss-cn-guangzhou.aliyuncs.com/audio-reference/avatar/asset-20260224190657-pljvq.png,asset-20260224190657-pljvq
炀炀,男,https://sscm-media.oss-cn-guangzhou.aliyuncs.com/audio-reference/audio/asset-20260224190657-bj5zq.mp3,https://sscm-media.oss-cn-guangzhou.aliyuncs.com/audio-reference/avatar/asset-20260224190657-bj5zq.png,asset-20260224190657-bj5zq
Vivi,女,https://sscm-media.oss-cn-guangzhou.aliyuncs.com/audio-reference/audio/asset-20260224190657-4hks7.mp3,https://sscm-media.oss-cn-guangzhou.aliyuncs.com/audio-reference/avatar/asset-20260224190657-4hks7.png,asset-20260224190657-4hks7
解说小明,男,https://sscm-media.oss-cn-guangzhou.aliyuncs.com/audio-reference/audio/asset-20260224190657-dw6jj.mp3,https://sscm-media.oss-cn-guangzhou.aliyuncs.com/audio-reference/avatar/asset-20260224190657-dw6jj.png,asset-20260224190657-dw6jj
清新女声,女,https://sscm-media.oss-cn-guangzhou.aliyuncs.com/audio-reference/audio/asset-20260224190657-8tcfp.mp3,https://sscm-media.oss-cn-guangzhou.aliyuncs.com/audio-reference/avatar/asset-20260224190657-8tcfp.png,asset-20260224190657-8tcfp
Tina老师,女,https://sscm-media.oss-cn-guangzhou.aliyuncs.com/audio-reference/audio/asset-20260224190657-smk6c.mp3,https://sscm-media.oss-cn-guangzhou.aliyuncs.com/audio-reference/avatar/asset-20260224190657-smk6c.png,asset-20260224190657-smk6c
温暖少年,男,https://sscm-media.oss-cn-guangzhou.aliyuncs.com/audio-reference/audio/asset-20260224190657-x2g8f.mp3,https://sscm-media.oss-cn-guangzhou.aliyuncs.com/audio-reference/avatar/asset-20260224190657-x2g8f.png,asset-20260224190657-x2g8f
温暖阿虎,男,https://sscm-media.oss-cn-guangzhou.aliyuncs.com/audio-reference/audio/asset-20260224190657-w9bjq.mp3,https://sscm-media.oss-cn-guangzhou.aliyuncs.com/audio-reference/avatar/asset-20260224190657-w9bjq.png,asset-20260224190657-w9bjq
灿灿,女,https://sscm-media.oss-cn-guangzhou.aliyuncs.com/audio-reference/audio/asset-20260224190657-qm7zm.mp3,https://sscm-media.oss-cn-guangzhou.aliyuncs.com/audio-reference/avatar/asset-20260224190657-qm7zm.png,asset-20260224190657-qm7zm
温柔小哥,男,https://sscm-media.oss-cn-guangzhou.aliyuncs.com/audio-reference/audio/asset-20260224190657-dk6kj.mp3,https://sscm-media.oss-cn-guangzhou.aliyuncs.com/audio-reference/avatar/asset-20260224190657-dk6kj.png,asset-20260224190657-dk6kj
率真小伙,男,https://sscm-media.oss-cn-guangzhou.aliyuncs.com/audio-reference/audio/asset-20260224190657-qn26k.mp3,https://sscm-media.oss-cn-guangzhou.aliyuncs.com/audio-reference/avatar/asset-20260224190657-qn26k.png,asset-20260224190657-qn26k
活泼爽朗,男,https://sscm-media.oss-cn-guangzhou.aliyuncs.com/audio-reference/audio/asset-20260224190657-7dgr4.mp3,https://sscm-media.oss-cn-guangzhou.aliyuncs.com/audio-reference/avatar/asset-20260224190657-7dgr4.png,asset-20260224190657-7dgr4
开朗轻快,男,https://sscm-media.oss-cn-guangzhou.aliyuncs.com/audio-reference/audio/asset-20260224190657-t55r8.mp3,https://sscm-media.oss-cn-guangzhou.aliyuncs.com/audio-reference/avatar/asset-20260224190657-t55r8.png,asset-20260224190657-t55r8
温柔文雅,女,https://sscm-media.oss-cn-guangzhou.aliyuncs.com/audio-reference/audio/asset-20260224190657-tx5bj.mp3,https://sscm-media.oss-cn-guangzhou.aliyuncs.com/audio-reference/avatar/asset-20260224190657-tx5bj.png,asset-20260224190657-tx5bj
暖心体贴,男,https://sscm-media.oss-cn-guangzhou.aliyuncs.com/audio-reference/audio/asset-20260224190657-jjj56.mp3,https://sscm-media.oss-cn-guangzhou.aliyuncs.com/audio-reference/avatar/asset-20260224190657-jjj56.png,asset-20260224190657-jjj56
知性温婉,女,https://sscm-media.oss-cn-guangzhou.aliyuncs.com/audio-reference/audio/asset-20260224190657-79wft.mp3,https://sscm-media.oss-cn-guangzhou.aliyuncs.com/audio-reference/avatar/asset-20260224190657-79wft.png,asset-20260224190657-79wft
心灵鸡汤,女,https://sscm-media.oss-cn-guangzhou.aliyuncs.com/audio-reference/audio/asset-20260224190657-dtx47.mp3,https://sscm-media.oss-cn-guangzhou.aliyuncs.com/audio-reference/avatar/asset-20260224190657-dtx47.png,asset-20260224190657-dtx47
开朗姐姐,女,https://sscm-media.oss-cn-guangzhou.aliyuncs.com/audio-reference/audio/asset-20260224190657-hjk6p.mp3,https://sscm-media.oss-cn-guangzhou.aliyuncs.com/audio-reference/avatar/asset-20260224190657-hjk6p.png,asset-20260224190657-hjk6p
清澈梓梓,女,https://sscm-media.oss-cn-guangzhou.aliyuncs.com/audio-reference/audio/asset-20260224190657-dmrnn.mp3,https://sscm-media.oss-cn-guangzhou.aliyuncs.com/audio-reference/avatar/asset-20260224190657-dmrnn.png,asset-20260224190657-dmrnn
甜美小源,女,https://sscm-media.oss-cn-guangzhou.aliyuncs.com/audio-reference/audio/asset-20260224190657-kvrll.mp3,https://sscm-media.oss-cn-guangzhou.aliyuncs.com/audio-reference/avatar/asset-20260224190657-kvrll.png,asset-20260224190657-kvrll
邻家女孩,女,https://sscm-media.oss-cn-guangzhou.aliyuncs.com/audio-reference/audio/asset-20260224190657-c25mw.mp3,https://sscm-media.oss-cn-guangzhou.aliyuncs.com/audio-reference/avatar/asset-20260224190657-c25mw.png,asset-20260224190657-c25mw
清爽男大,男,https://sscm-media.oss-cn-guangzhou.aliyuncs.com/audio-reference/audio/asset-20260224190657-zzv99.mp3,https://sscm-media.oss-cn-guangzhou.aliyuncs.com/audio-reference/avatar/asset-20260224190657-zzv99.png,asset-20260224190657-zzv99
知性女声,女,https://sscm-media.oss-cn-guangzhou.aliyuncs.com/audio-reference/audio/asset-20260224190658-8h2gv.mp3,https://sscm-media.oss-cn-guangzhou.aliyuncs.com/audio-reference/avatar/asset-20260224190658-8h2gv.png,asset-20260224190658-8h2gv
魅力苏菲,女,https://sscm-media.oss-cn-guangzhou.aliyuncs.com/audio-reference/audio/asset-20260224190657-4vxtg.mp3,https://sscm-media.oss-cn-guangzhou.aliyuncs.com/audio-reference/avatar/asset-20260224190657-4vxtg.png,asset-20260224190657-4vxtg
开朗学长,男,https://sscm-media.oss-cn-guangzhou.aliyuncs.com/audio-reference/audio/asset-20260224190658-wg7vs.mp3,https://sscm-media.oss-cn-guangzhou.aliyuncs.com/audio-reference/avatar/asset-20260224190658-wg7vs.png,asset-20260224190658-wg7vs
温柔白月光,女,https://sscm-media.oss-cn-guangzhou.aliyuncs.com/audio-reference/audio/asset-20260224190658-mwq8b.mp3,https://sscm-media.oss-cn-guangzhou.aliyuncs.com/audio-reference/avatar/asset-20260224190658-mwq8b.png,asset-20260224190658-mwq8b
贴心闺蜜,女,https://sscm-media.oss-cn-guangzhou.aliyuncs.com/audio-reference/audio/asset-20260224190658-l5jhn.mp3,https://sscm-media.oss-cn-guangzhou.aliyuncs.com/audio-reference/avatar/asset-20260224190658-l5jhn.png,asset-20260224190658-l5jhn
初恋女友,女,https://sscm-media.oss-cn-guangzhou.aliyuncs.com/audio-reference/audio/asset-20260224190658-mdd62.mp3,https://sscm-media.oss-cn-guangzhou.aliyuncs.com/audio-reference/avatar/asset-20260224190658-mdd62.png,asset-20260224190658-mdd62
纯澈女生,女,https://sscm-media.oss-cn-guangzhou.aliyuncs.com/audio-reference/audio/asset-20260224190658-xf6fq.mp3,https://sscm-media.oss-cn-guangzhou.aliyuncs.com/audio-reference/avatar/asset-20260224190658-xf6fq.png,asset-20260224190658-xf6fq
冷酷哥哥,男,https://sscm-media.oss-cn-guangzhou.aliyuncs.com/audio-reference/audio/asset-20260224190658-llks5.mp3,https://sscm-media.oss-cn-guangzhou.aliyuncs.com/audio-reference/avatar/asset-20260224190658-llks5.png,asset-20260224190658-llks5
快乐小东,男,https://sscm-media.oss-cn-guangzhou.aliyuncs.com/audio-reference/audio/asset-20260224190658-k8s4v.mp3,https://sscm-media.oss-cn-guangzhou.aliyuncs.com/audio-reference/avatar/asset-20260224190658-k8s4v.png,asset-20260224190658-k8s4v
阳光阿辰,男,https://sscm-media.oss-cn-guangzhou.aliyuncs.com/audio-reference/audio/asset-20260224190658-cfzpd.mp3,https://sscm-media.oss-cn-guangzhou.aliyuncs.com/audio-reference/avatar/asset-20260224190658-cfzpd.png,asset-20260224190658-cfzpd
知心姐姐,女,https://sscm-media.oss-cn-guangzhou.aliyuncs.com/audio-reference/audio/asset-20260224190658-7kss5.mp3,https://sscm-media.oss-cn-guangzhou.aliyuncs.com/audio-reference/avatar/asset-20260224190658-7kss5.png,asset-20260224190658-7kss5
元气甜妹,女,https://sscm-media.oss-cn-guangzhou.aliyuncs.com/audio-reference/audio/asset-20260224190658-dbmhj.mp3,https://sscm-media.oss-cn-guangzhou.aliyuncs.com/audio-reference/avatar/asset-20260224190658-dbmhj.png,asset-20260224190658-dbmhj
机灵小伙,男,https://sscm-media.oss-cn-guangzhou.aliyuncs.com/audio-reference/audio/asset-20260224190658-wx5qt.mp3,https://sscm-media.oss-cn-guangzhou.aliyuncs.com/audio-reference/avatar/asset-20260224190658-wx5qt.png,asset-20260224190658-wx5qt
亲切女声,女,https://sscm-media.oss-cn-guangzhou.aliyuncs.com/audio-reference/audio/asset-20260224190658-9xwll.mp3,https://sscm-media.oss-cn-guangzhou.aliyuncs.com/audio-reference/avatar/asset-20260224190658-9xwll.png,asset-20260224190658-9xwll
